X,Y,Frequency
0.0,0.0,7
0.003003003003003003,0.13169528883562362,7
0.006006006006006006,0.26109651041208826,7
0.009009009009009009,0.38594955899532873,7
0.012012012012012012,0.5040795557913247,7
0.015015015015015015,0.6134287342666618,7
0.018018018018018018,0.7120922854310254,7
0.02102102102102102,0.7983515386744059,7
0.024024024024024024,0.8707039001651276,7
0.02702702702702703,0.9278890272965093,7
0.03003003003003003,0.9689107832361495,7
0.03303303303303303,0.9930545891403677,7
0.036036036036036036,0.9998998717667489,7
0.03903903903903904,0.9893273896534935,7
0.04204204204204204,0.9615213102471255,7
0.04504504504504504,0.9169660017960135,7
0.04804804804804805,0.8564375958933458,7
0.05105105105105105,0.7809904676459176,7
0.05405405405405406,0.6919388689775462,7
0.057057057057057055,0.5908340350059583,7
0.06006006006006006,0.47943716228880995,7
0.06306306306306306,0.3596887296445362,7
0.06606606606606606,0.23367469596425278,7
0.06906906906906907,0.10359016383223951,7
0.07207207207207207,-0.028298858083118033,7
0.07507507507507508,-0.1596949277875495,7
0.07807807807807808,-0.2883091902722216,7
0.08108108108108109,-0.4119012482439926,7
0.08408408408408408,-0.5283181887460511,7
0.08708708708708708,-0.6355320858443839,7
0.09009009009009009,-0.731675326101678,7
0.09309309309309309,-0.815073141486262,7
0.0960960960960961,-0.8842727830087779,7
0.0990990990990991,-0.9380688268961658,7
0.1021021021021021,-0.9755241724818386,7
0.10510510510510511,-0.9959863660391044,7
0.10810810810810811,-0.9990989662046815,7
0.1111111111111111,-0.9848077530122081,7
0.11411411411411411,-0.9533616723774295,7
0.11711711711711711,-0.9053084995825967,7
0.12012012012012012,-0.8414852973000504,7
0.12312312312312312,-0.7630038343715272,7
0.12612612612612611,-0.6712312193409035,7
0.12912912912912913,-0.5677660860947081,7
0.13213213213213212,-0.45441074644487806,7
0.13513513513513514,-0.3331397947420577,7
0.13813813813813813,-0.20606571141169297,7
0.14114114114114115,-0.07540206458240141,7
0.14414414414414414,0.056575049183792234,7
0.14714714714714713,0.18756665337583672,7
0.15015015015015015,0.3152909385755026,7
0.15315315315315314,0.4375230104569034,7
0.15615615615615616,0.5521336463530699,7
0.15915915915915915,0.657126385269188,7
0.16216216216216217,0.7506723052527243,7
0.16516516516516516,0.8311418823156933,7
0.16816816816816815,0.8971333759423138,7
0.17117117117117117,0.9474972467204297,7
0.17417417417417416,0.9813561807535595,7
0.17717717717717718,0.9981203720381463,7
0.18018018018018017,0.9974977965944998,7
0.1831831831831832,0.9794992993811166,7
0.18618618618618618,0.9444384053808291,7
0.1891891891891892,0.8929258581495682,7
0.1921921921921922,0.8258589809635429,7
0.19519519519519518,0.7444060458884201,7
0.1981981981981982,0.6499859230536468,7
0.2012012012012012,0.5442433646315794,7
0.2042042042042042,0.42902035406232714,7
0.2072072072072072,0.30632401960678446,7
0.21021021021021022,0.17829167115797553,7
0.2132132132132132,0.04715356935230555,7
0.21621621621621623,-0.08480592447550901,7
0.21921921921921922,-0.21528814074508987,7
0.2222222222222222,-0.342020143325668,7
0.22522522522522523,-0.46279432296729806,7
0.22822822822822822,-0.5755068527698889,7
0.23123123123123124,-0.6781943358146665,7
0.23423423423423423,-0.7690680065743166,7
0.23723723723723725,-0.8465448903300603,7
0.24024024024024024,-0.9092753778138881,7
0.24324324324324323,-0.9561667347392506,7
0.24624624624624625,-0.9864021366957146,7
0.24924924924924924,-0.9994548978290693,7
0.25225225225225223,-0.9950976454502662,7
0.2552552552552553,-0.9734062807560024,7
0.25825825825825827,-0.9347586566671513,7
0.26126126126126126,-0.8798279958164299,7
0.26426426426426425,-0.8095711633407449,7
0.26726726726726724,-0.7252119987603984,7
0.2702702702702703,-0.6282199972956425,7
0.2732732732732733,-0.5202847119815794,7
0.27627627627627627,-0.403286322483982,7
0.27927927927927926,-0.27926288329283117,7
0.2822822822822823,-0.15037482181393635,7
0.2852852852852853,-0.01886730478446703,7
0.2882882882882883,0.11296887142907261,7
0.2912912912912913,0.24283718537858665,7
0.29429429429429427,0.36847539481024916,7
0.2972972972972973,0.4876949438136351,7
0.3003003003003003,0.5984190863909271,7
0.3033033033033033,0.6987190623523662,7
0.3063063063063063,0.7868476953715887,7
0.30930930930930933,0.8612698279392313,7
0.3123123123123123,0.9206890630528628,7
0.3153153153153153,0.9640703468161503,7
0.3183183183183183,0.9906579985694315,7
0.3213213213213213,0.999988874475714,7
0.32432432432432434,0.991900435258877,7
0.32732732732732733,0.9665335775580415,7
0.3303303303303303,0.9243301795773087,7
0.3333333333333333,0.8660254037844393,7
0.3363363363363363,0.7926348907416857,7
0.33933933933933935,0.7054370671459531,7
0.34234234234234234,0.6059508762635484,7
0.34534534534534533,0.49590931868439,7
0.3483483483483483,0.3772292643027707,7
0.35135135135135137,0.25197806138512463,7
0.35435435435435436,0.12233752437845691,7
0.35735735735735735,-0.009434072225896756,7
0.36036036036036034,-0.14104133192491727,7
0.36336336336336333,-0.27019172088377985,7
0.3663663663663664,-0.39463550274944004,7
0.36936936936936937,-0.5122049279531148,7
0.37237237237237236,-0.6208519948432425,7
0.37537537537537535,-0.7186841248685383,7
0.3783783783783784,-0.8039971303669414,7
0.3813813813813814,-0.8753049006778126,7
0.3843843843843844,-0.9313652894598545,7
0.38738738738738737,-0.971201752270376,7
0.39039039039039036,-0.9941203574899389,7
0.3933933933933934,-0.9997218742703887,7
0.3963963963963964,-0.9879087269401781,7
0.3993993993993994,-0.9588866947246505,7
0.4024024024024024,-0.9131613271729837,7
0.40540540540540543,-0.851529137733311,7
0.4084084084084084,-0.7750637288796026,7
0.4114114114114114,-0.6850970904837809,7
0.4144144144144144,-0.583196397206275,7
0.4174174174174174,-0.4711367090830184,7
0.42042042042042044,-0.3508700508513297,7
0.42342342342342343,-0.2244914086375738,7
0.4264264264264264,-0.09420223632762602,7
0.4294294294294294,0.03772789267871535,7
0.43243243243243246,0.1690008203218487,7
0.43543543543543545,0.2973298366671734,7
0.43843843843843844,0.42047951326921346,7
0.44144144144144143,0.5363046432373799,7
0.4444444444444444,0.6427876096865381,7
0.44744744744744747,0.7380735316323389,7
0.45045045045045046,0.8205025751070862,7
0.45345345345345345,0.8886388666523555,7
0.45645645645645644,0.9412955055295024,7
0.45945945945945943,0.9775552389476859,7
0.4624624624624625,0.9967864401570343,7
0.46546546546546547,0.9986541110764565,7
0.46846846846846846,0.9831257177957043,7
0.47147147147147145,0.9504717573001122,7
0.4744744744744745,0.9012610455459451,7
0.4774774774774775,0.8363508089657758,7
0.4804804804804805,0.7568717520049928,7
0.48348348348348347,0.6642083608056141,7
0.48648648648648646,0.5599747861375972,7
0.4894894894894895,0.44598672568507663,7
0.4924924924924925,0.3242297954843702,7
0.4954954954954955,0.19682494146770668,7
0.4984984984984985,0.06599149362662386,7
0.5015015015015015,-0.06599149362662216,7
0.5045045045045045,-0.19682494146770152,7
0.5075075075075075,-0.3242297954843686,7
0.5105105105105106,-0.4459867256850783,7
0.5135135135135135,-0.5599747861375928,7
0.5165165165165165,-0.6642083608056129,7
0.5195195195195195,-0.7568717520049894,7
0.5225225225225225,-0.836350808965775,7
0.5255255255255256,-0.9012610455459444,7
0.5285285285285285,-0.9504717573001107,7
0.5315315315315315,-0.983125717795704,7
0.5345345345345345,-0.9986541110764563,7
0.5375375375375375,-0.9967864401570344,7
0.5405405405405406,-0.9775552389476863,7
0.5435435435435435,-0.9412955055295041,7
0.5465465465465466,-0.8886388666523564,7
0.5495495495495496,-0.8205025751070872,7
0.5525525525525525,-0.7380735316323401,7
0.5555555555555556,-0.6427876096865395,7
0.5585585585585585,-0.5363046432373844,7
0.5615615615615616,-0.420479513269215,7
0.5645645645645646,-0.29732983666717167,7
0.5675675675675675,-0.1690008203218504,7
0.5705705705705706,-0.03772789267871706,7
0.5735735735735735,0.09420223632762431,7
0.5765765765765766,0.22449140863757214,7
0.5795795795795796,0.35087005085133144,7
0.5825825825825826,0.4711367090830169,7
0.5855855855855856,0.5831963972062737,7
0.5885885885885885,0.6850970904837796,7
0.5915915915915916,0.7750637288796015,7
0.5945945945945946,0.851529137733312,7
0.5975975975975976,0.9131613271729829,7
0.6006006006006006,0.9588866947246499,7
0.6036036036036035,0.9879087269401773,7
0.6066066066066066,0.9997218742703886,7
0.6096096096096096,0.9941203574899391,7
0.6126126126126126,0.9712017522703772,7
0.6156156156156156,0.9313652894598551,7
0.6186186186186187,0.8753049006778117,7
0.6216216216216216,0.8039971303669424,7
0.6246246246246246,0.7186841248685395,7
0.6276276276276276,0.6208519948432466,7
0.6306306306306306,0.5122049279531162,7
0.6336336336336337,0.3946355027494416,7
0.6366366366366366,0.2701917208837849,7
0.6396396396396397,0.14104133192492072,7
0.6426426426426426,0.009434072225900246,7
0.6456456456456456,-0.12233752437845521,7
0.6486486486486487,-0.2519780613851247,7
0.6516516516516516,-0.3772292643027675,7
0.6546546546546547,-0.4959093186843885,7
0.6576576576576576,-0.6059508762635456,7
0.6606606606606606,-0.7054370671459519,7
0.6636636636636637,-0.7926348907416846,7
0.6666666666666666,-0.8660254037844375,7
0.6696696696696697,-0.924330179577308,7
0.6726726726726726,-0.9665335775580406,7
0.6756756756756757,-0.9919004352588767,7
0.6786786786786787,-0.999988874475714,7
0.6816816816816816,-0.990657998569432,7
0.6846846846846847,-0.9640703468161508,7
0.6876876876876877,-0.9206890630528628,7
0.6906906906906907,-0.8612698279392313,7
0.6936936936936937,-0.7868476953715898,7
0.6966966966966966,-0.6987190623523687,7
0.6996996996996997,-0.5984190863909271,7
0.7027027027027027,-0.4876949438136335,7
0.7057057057057057,-0.3684753948102507,7
0.7087087087087087,-0.2428371853785866,7
0.7117117117117117,-0.11296887142907784,7
0.7147147147147147,0.018867304784467093,7
0.7177177177177178,0.1503748218139382,7
0.7207207207207207,0.2792628832928261,7
0.7237237237237237,0.40328632248398205,7
0.7267267267267267,0.5202847119815749,7
0.7297297297297297,0.6282199972956426,7
0.7327327327327328,0.7252119987603961,7
0.7357357357357357,0.8095711633407418,7
0.7387387387387387,0.8798279958164299,7
0.7417417417417418,0.9347586566671507,7
0.7447447447447447,0.973406280756002,7
0.7477477477477478,0.9950976454502662,7
0.7507507507507507,0.9994548978290693,7
0.7537537537537538,0.986402136695715,7
0.7567567567567568,0.9561667347392501,7
0.7597597597597597,0.9092753778138881,7
0.7627627627627628,0.8465448903300612,7
0.7657657657657657,0.7690680065743188,7
0.7687687687687688,0.678194335814665,7
0.7717717717717718,0.5755068527698903,7
0.7747747747747747,0.4627943229673011,7
0.7777777777777778,0.34202014332566627,7
0.7807807807807807,0.21528814074509672,7
0.7837837837837838,0.08480592447551072,7
0.7867867867867868,-0.04715356935230916,7
0.7897897897897898,-0.17829167115797034,7
0.7927927927927928,-0.3063240196067828,7
0.7957957957957957,-0.42902035406232397,7
0.7987987987987988,-0.544243364631575,7
0.8018018018018018,-0.6499859230536469,7
0.8048048048048048,-0.7444060458884177,7
0.8078078078078078,-0.8258589809635409,7
0.8108108108108109,-0.892925858149569,7
0.8138138138138138,-0.9444384053808286,7
0.8168168168168168,-0.9794992993811159,7
0.8198198198198198,-0.9974977965944993,7
0.8228228228228228,-0.9981203720381463,7
0.8258258258258259,-0.9813561807535599,7
0.8288288288288288,-0.9474972467204311,7
0.8318318318318318,-0.8971333759423137,7
0.8348348348348348,-0.8311418823156943,7
0.8378378378378378,-0.7506723052527265,7
0.8408408408408409,-0.6571263852691873,7
0.8438438438438438,-0.5521336463530706,7
0.8468468468468469,-0.43752301045690656,7
0.8498498498498498,-0.3152909385755068,7
0.8528528528528528,-0.18756665337583667,7
0.8558558558558559,-0.05657504918379395,7
0.8588588588588588,0.07540206458239794,7
0.8618618618618619,0.20606571141169389,7
0.8648648648648649,0.3331397947420569,7
0.8678678678678678,0.45441074644487495,7
0.8708708708708709,0.5677660860947097,7
0.8738738738738738,0.6712312193408976,7
0.8768768768768769,0.7630038343715261,7
0.8798798798798799,0.8414852973000518,7
0.8828828828828829,0.9053084995825941,7
0.8858858858858859,0.953361672377429,7
0.8888888888888888,0.9848077530122075,7
0.8918918918918919,0.9990989662046813,7
0.8948948948948949,0.9959863660391044,7
0.8978978978978979,0.9755241724818392,7
0.9009009009009009,0.9380688268961673,7
0.9039039039039038,0.8842727830087808,7
0.9069069069069069,0.815073141486263,7
0.9099099099099099,0.7316753261016806,7
0.9129129129129129,0.6355320858443884,7
0.9159159159159159,0.5283181887460519,7
0.9189189189189189,0.411901248243995,7
0.9219219219219219,0.28830919027222623,7
0.924924924924925,0.159694927787549,7
0.9279279279279279,0.028298858083119747,7
0.9309309309309309,-0.1035901638322356,7
0.933933933933934,-0.23367469596425372,7
0.9369369369369369,-0.359688729644535,7
0.93993993993994,-0.4794371622888073,7
0.9429429429429429,-0.590834035005954,7
0.9459459459459459,-0.6919388689775463,7
0.948948948948949,-0.7809904676459162,7
0.9519519519519519,-0.8564375958933438,7
0.954954954954955,-0.9169660017960137,7
0.9579579579579579,-0.9615213102471252,7
0.960960960960961,-0.9893273896534931,7
0.963963963963964,-0.9998998717667489,7
0.9669669669669669,-0.9930545891403677,7
0.96996996996997,-0.9689107832361501,7
0.9729729729729729,-0.9278890272965109,7
0.975975975975976,-0.8707039001651272,7
0.978978978978979,-0.7983515386744068,7
0.9819819819819819,-0.7120922854310279,7
0.984984984984985,-0.6134287342666606,7
0.9879879879879879,-0.5040795557913312,7
0.990990990990991,-0.3859495589953311,7
0.993993993993994,-0.26109651041208587,7
0.996996996996997,-0.1316952888356303,7
1.0,-1.7145055188062944e-15,7
1.003003003003003,0.1316952888356269,7
1.006006006006006,0.2610965104120894,7
1.009009009009009,0.3859495589953214,7
1.012012012012012,0.5040795557913221,7
1.015015015015015,0.6134287342666579,7
1.018018018018018,0.7120922854310254,7
1.021021021021021,0.798351538674409,7
1.024024024024024,0.8707039001651256,7
1.027027027027027,0.927889027296507,7
1.03003003003003,0.9689107832361493,7
1.033033033033033,0.9930545891403673,7
1.0360360360360361,0.9998998717667489,7
1.039039039039039,0.9893273896534946,7
1.042042042042042,0.9615213102471262,7
1.045045045045045,0.9169660017960152,7
1.048048048048048,0.8564375958933456,7
1.0510510510510511,0.7809904676459184,7
1.054054054054054,0.6919388689775487,7
1.057057057057057,0.5908340350059625,7
1.06006006006006,0.4794371622888103,7
1.063063063063063,0.3596887296445382,7
1.0660660660660661,0.23367469596425014,7
1.069069069069069,0.10359016383224608,7
1.072072072072072,-0.02829885808311632,7
1.075075075075075,-0.15969492778754563,7
1.078078078078078,-0.28830919027222296,7
1.0810810810810811,-0.4119012482439919,7
1.084084084084084,-0.5283181887460429,7
1.087087087087087,-0.6355320858443801,7
1.09009009009009,-0.7316753261016783,7
1.093093093093093,-0.815073141486261,7
1.0960960960960962,-0.8842727830087791,7
1.0990990990990992,-0.9380688268961661,7
1.102102102102102,-0.9755241724818369,7
1.105105105105105,-0.9959863660391041,7
1.1081081081081081,-0.9990989662046814,7
1.1111111111111112,-0.9848077530122081,7
1.1141141141141142,-0.9533616723774279,7
1.117117117117117,-0.9053084995825986,7
1.12012012012012,-0.8414852973000537,7
1.1231231231231231,-0.7630038343715283,7
1.1261261261261262,-0.6712312193409001,7
1.1291291291291292,-0.5677660860947067,7
1.132132132132132,-0.45441074644488433,7
1.135135135135135,-0.3331397947420601,7
1.1381381381381381,-0.20606571141169724,7
1.1411411411411412,-0.07540206458240135,7
1.1441441441441442,0.05657504918379052,7
1.147147147147147,0.18756665337583328,7
1.15015015015015,0.3152909385754968,7
1.1531531531531531,0.43752301045690345,7
1.1561561561561562,0.5521336463530677,7
1.1591591591591592,0.6571263852691901,7
1.162162162162162,0.7506723052527197,7
1.165165165165165,0.8311418823156924,7
1.1681681681681682,0.8971333759423122,7
1.1711711711711712,0.94749724672043,7
1.1741741741741742,0.9813561807535592,7
1.177177177177177,0.9981203720381461,7
1.1801801801801801,0.9974977965945001,7
1.1831831831831832,0.9794992993811166,7
1.1861861861861862,0.9444384053808297,7
1.1891891891891893,0.8929258581495674,7
1.192192192192192,0.8258589809635468,7
1.1951951951951951,0.7444060458884201,7
1.1981981981981982,0.6499859230536494,7
1.2012012012012012,0.5442433646315779,7
1.2042042042042043,0.4290203540623271,7
1.207207207207207,0.30632401960679284,7
1.2102102102102101,0.17829167115798072,7
1.2132132132132132,0.04715356935231259,7
1.2162162162162162,-0.0848059244755073,7
1.2192192192192193,-0.2152881407450934,7
1.2222222222222223,-0.3420201433256697,7
1.2252252252252251,-0.4627943229672918,7
1.2282282282282282,-0.5755068527698874,7
1.2312312312312312,-0.6781943358146626,7
1.2342342342342343,-0.7690680065743167,7
1.2372372372372373,-0.8465448903300632,7
1.2402402402402402,-0.9092753778138867,7
1.2432432432432432,-0.9561667347392491,7
1.2462462462462462,-0.9864021366957143,7
1.2492492492492493,-0.9994548978290692,7
1.2522522522522523,-0.9950976454502659,7
1.2552552552552552,-0.9734062807560044,7
1.2582582582582582,-0.934758656667152,7
1.2612612612612613,-0.8798279958164316,7
1.2642642642642643,-0.8095711633407437,7
1.2672672672672673,-0.7252119987603984,7
1.2702702702702702,-0.6282199972956453,7
1.2732732732732732,-0.5202847119815839,7
1.2762762762762763,-0.40328632248398194,7
1.2792792792792793,-0.2792628832928328,7
1.2822822822822824,-0.15037482181393455,7
1.2852852852852852,-0.018867304784474074,7
1.2882882882882882,0.1129688714290709,7
1.2912912912912913,0.24283718537858326,7
1.2942942942942943,0.3684753948102508,7
1.2972972972972974,0.4876949438136336,7
1.3003003003003002,0.5984190863909187,7
1.3033033033033032,0.6987190623523637,7
1.3063063063063063,0.7868476953715899,7
1.3093093093093093,0.8612698279392296,7
1.3123123123123124,0.9206890630528642,7
1.3153153153153152,0.964070346816149,7
1.3183183183183182,0.9906579985694306,7
1.3213213213213213,0.999988874475714,7
1.3243243243243243,0.9919004352588767,7
1.3273273273273274,0.9665335775580415,7
1.3303303303303302,0.9243301795773121,7
1.3333333333333333,0.8660254037844409,7
1.3363363363363363,0.7926348907416888,7
1.3393393393393394,0.7054370671459543,7
1.3423423423423424,0.6059508762635455,7
1.3453453453453452,0.49590931868439453,7
1.3483483483483483,0.37722926430277726,7
1.3513513513513513,0.251978061385128,7
1.3543543543543544,0.12233752437846214,7
1.3573573573573574,-0.009434072225896817,7
1.3603603603603605,-0.14104133192492435,7
1.3633633633633633,-0.2701917208837782,7
1.3663663663663663,-0.39463550274943515,7
1.3693693693693694,-0.5122049279531133,7
1.3723723723723724,-0.6208519948432412,7
1.3753753753753755,-0.7186841248685396,7
1.3783783783783783,-0.8039971303669362,7
1.3813813813813813,-0.8753049006778119,7
1.3843843843843844,-0.9313652894598525,7
1.3873873873873874,-0.9712017522703764,7
1.3903903903903905,-0.9941203574899391,7
1.3933933933933933,-0.9997218742703888,7
1.3963963963963963,-0.987908726940179,7
1.3993993993993994,-0.9588866947246499,7
1.4024024024024024,-0.9131613271729844,7
1.4054054054054055,-0.8515291377333101,7
1.4084084084084083,-0.7750637288796058,7
1.4114114114114114,-0.6850970904837821,7
1.4144144144144144,-0.5831963972062765,7
1.4174174174174174,-0.4711367090830168,7
1.4204204204204205,-0.3508700508513313,7
1.4234234234234233,-0.2244914086375824,7
1.4264264264264264,-0.09420223632763126,7
1.4294294294294294,0.037727892678717186,7
1.4324324324324325,0.16900082032184705,7
1.4354354354354355,0.29732983666717516,7
1.4384384384384383,0.4204795132692087,7
1.4414414414414414,0.5363046432373755,7
1.4444444444444444,0.6427876096865368,7
1.4474474474474475,0.7380735316323402,7
1.4504504504504505,0.8205025751070874,7
1.4534534534534533,0.8886388666523515,7
1.4564564564564564,0.9412955055294994,7
1.4594594594594594,0.9775552389476864,7
1.4624624624624625,0.9967864401570341,7
1.4654654654654655,0.9986541110764566,7
1.4684684684684683,0.9831257177957052,7
1.4714714714714714,0.9504717573001139,7
1.4744744744744744,0.901261045545949,7
1.4774774774774775,0.8363508089657749,7
1.4804804804804805,0.7568717520049916,7
1.4834834834834836,0.6642083608056154,7
1.4864864864864864,0.5599747861375987,7
1.4894894894894894,0.44598672568508135,7
1.4924924924924925,0.3242297954843785,7
1.4954954954954955,0.1968249414677014,7
1.4984984984984986,0.06599149362661849,7
1.5015015015015014,-0.06599149362662045,7
1.5045045045045045,-0.19682494146770332,7
1.5075075075075075,-0.324229795484367,7
1.5105105105105106,-0.44598672568507036,7
1.5135135135135136,-0.5599747861376002,7
1.5165165165165164,-0.6642083608056062,7
1.5195195195195195,-0.7568717520049929,7
1.5225225225225225,-0.836350808965776,7
1.5255255255255256,-0.9012610455459437,7
1.5285285285285286,-0.9504717573001101,7
1.5315315315315314,-0.983125717795703,7
1.5345345345345345,-0.998654111076456,7
1.5375375375375375,-0.996786440157034,7
1.5405405405405406,-0.9775552389476859,7
1.5435435435435436,-0.9412955055295035,7
1.5465465465465464,-0.8886388666523571,7
1.5495495495495495,-0.8205025751070902,7
1.5525525525525525,-0.7380735316323437,7
1.5555555555555556,-0.6427876096865354,7
1.5585585585585586,-0.5363046432373798,7
1.5615615615615615,-0.4204795132692262,7
1.5645645645645645,-0.2973298366671733,7
1.5675675675675675,-0.1690008203218521,7
1.5705705705705706,-0.03772789267872232,7
1.5735735735735736,0.09420223632763321,7
1.5765765765765765,0.22449140863756353,7
1.5795795795795795,0.35087005085131984,7
1.5825825825825826,0.4711367090830185,7
1.5855855855855856,0.5831963972062723,7
1.5885885885885886,0.6850970904837784,7
1.5915915915915915,0.7750637288795982,7
1.5945945945945945,0.8515291377333074,7
1.5975975975975976,0.9131613271729794,7
1.6006006006006006,0.9588866947246505,7
1.6036036036036037,0.9879087269401781,7
1.6066066066066067,0.9997218742703887,7
1.6096096096096095,0.9941203574899397,7
1.6126126126126126,0.9712017522703776,7
1.6156156156156156,0.931365289459857,7
1.6186186186186187,0.8753049006778109,7
1.6216216216216217,0.8039971303669392,7
1.6246246246246245,0.7186841248685382,7
1.6276276276276276,0.6208519948432452,7
1.6306306306306306,0.5122049279531178,7
1.6336336336336337,0.3946355027494464,7
1.6366366366366367,0.2701917208837763,7
1.6396396396396395,0.14104133192492946,7
1.6426426426426426,0.009434072225894857,7
1.6456456456456456,-0.12233752437845703,7
1.6486486486486487,-0.251978061385123,7
1.6516516516516517,-0.3772292643027659,7
1.6546546546546546,-0.4959093186843839,7
1.6576576576576576,-0.6059508762635414,7
1.6606606606606606,-0.7054370671459557,7
1.6636636636636637,-0.7926348907416857,7
1.6666666666666667,-0.8660254037844384,7
1.6696696696696696,-0.9243301795773073,7
1.6726726726726726,-0.9665335775580401,7
1.6756756756756757,-0.9919004352588761,7
1.6786786786786787,-0.9999888744757142,7
1.6816816816816818,-0.9906579985694313,7
1.6846846846846846,-0.9640703468161541,7
1.6876876876876876,-0.9206890630528635,7
1.6906906906906907,-0.8612698279392322,7
1.6936936936936937,-0.786847695371593,7
1.6966966966966968,-0.6987190623523725,7
1.6996996996996996,-0.5984190863909341,7
1.7027027027027026,-0.4876949438136443,7
1.7057057057057057,-0.36847539481024905,7
1.7087087087087087,-0.24283718537858823,7
1.7117117117117118,-0.11296887142907601,7
1.7147147147147146,0.018867304784461827,7
1.7177177177177176,0.15037482181392947,7
1.7207207207207207,0.279262883292821,7
1.7237237237237237,0.4032863224839837,7
1.7267267267267268,0.5202847119815796,7
1.7297297297297298,0.6282199972956413,7
1.7327327327327327,0.7252119987603949,7
1.7357357357357357,0.8095711633407408,7
1.7387387387387387,0.8798279958164258,7
1.7417417417417418,0.9347586566671526,7
1.7447447447447448,0.9734062807560032,7
1.7477477477477477,0.9950976454502647,7
1.7507507507507507,0.9994548978290694,7
1.7537537537537538,0.9864021366957152,7
1.7567567567567568,0.9561667347392526,7
1.7597597597597598,0.9092753778138859,7
1.7627627627627627,0.8465448903300659,7
1.7657657657657657,0.7690680065743245,7
1.7687687687687688,0.6781943358146664,7
1.7717717717717718,0.5755068527698917,7
1.7747747747747749,0.46279432296730266,7
1.7777777777777777,0.34202014332567454,7
1.7807807807807807,0.21528814074509842,7
1.7837837837837838,0.0848059244755195,7
1.7867867867867868,-0.047153569352307446,7
1.7897897897897899,-0.17829167115797567,7
1.7927927927927927,-0.3063240196067812,7
1.7957957957957957,-0.4290203540623224,7
1.7987987987987988,-0.5442433646315735,7
1.8018018018018018,-0.6499859230536401,7
1.8048048048048049,-0.7444060458884213,7
1.8078078078078077,-0.8258589809635359,7
1.8108108108108107,-0.8929258581495683,7
1.8138138138138138,-0.944438405380828,7
1.8168168168168168,-0.9794992993811155,7
1.8198198198198199,-0.9974977965944992,7
1.8228228228228227,-0.9981203720381469,7
1.8258258258258258,-0.9813561807535616,7
1.8288288288288288,-0.9474972467204295,7
1.8318318318318318,-0.8971333759423145,7
1.834834834834835,-0.8311418823156953,7
1.8378378378378377,-0.7506723052527277,7
1.8408408408408408,-0.657126385269194,7
1.8438438438438438,-0.5521336463530779,7
1.8468468468468469,-0.4375230104569017,7
1.84984984984985,-0.31529093857550167,7
1.8528528528528527,-0.1875666533758523,7
1.8558558558558558,-0.05657504918379566,7
1.8588588588588588,0.07540206458239622,7
1.8618618618618619,0.20606571141168528,7
1.864864864864865,0.33313979474206196,7
1.867867867867868,0.4544107464448797,7
1.8708708708708708,0.5677660860946966,7
1.8738738738738738,0.6712312193409016,7
1.8768768768768769,0.763003834371525,7
1.87987987987988,0.8414852973000471,7
1.882882882882883,0.9053084995825994,7
1.8858858858858858,0.9533616723774263,7
1.8888888888888888,0.984807753012206,7
1.8918918918918919,0.9990989662046815,7
1.894894894894895,0.9959863660391045,7
1.897897897897898,0.9755241724818395,7
1.9009009009009008,0.9380688268961679,7
1.9039039039039038,0.8842727830087815,7
1.906906906906907,0.8150731414862681,7
1.90990990990991,0.731675326101677,7
1.912912912912913,0.6355320858443841,7
1.9159159159159158,0.5283181887460533,7
1.9189189189189189,0.41190124824399654,7
1.921921921921922,0.2883091902722279,7
1.924924924924925,0.15969492778755773,7
1.927927927927928,0.02829885808311436,7
1.9309309309309308,-0.10359016383222683,7
1.9339339339339339,-0.23367469596425203,7
1.936936936936937,-0.3596887296445334,7
1.93993993993994,-0.4794371622888058,7
1.942942942942943,-0.5908340350059527,7
1.9459459459459458,-0.6919388689775399,7
1.9489489489489489,-0.7809904676459107,7
1.951951951951952,-0.8564375958933466,7
1.954954954954955,-0.9169660017960131,7
1.957957957957958,-0.9615213102471247,7
1.9609609609609608,-0.9893273896534929,7
1.9639639639639639,-0.9998998717667488,7
1.966966966966967,-0.9930545891403687,7
1.96996996996997,-0.9689107832361488,7
1.972972972972973,-0.9278890272965089,7
1.9759759759759759,-0.870703900165135,7
1.978978978978979,-0.7983515386744078,7
1.981981981981982,-0.7120922854310291,7
1.984984984984985,-0.6134287342666676,7
1.987987987987988,-0.5040795557913205,7
1.990990990990991,-0.3859495589953262,7
1.993993993993994,-0.26109651041210125,7
1.996996996996997,-0.13169528883562495,7
2.0,-3.429011037612589e-15,7
2.003003003003003,0.13169528883561815,7
2.006006006006006,0.26109651041209464,7
2.009009009009009,0.38594955899531985,7
2.012012012012012,0.5040795557913268,7
2.015015015015015,0.6134287342666621,7
2.018018018018018,0.7120922854310143,7
2.021021021021021,0.7983515386744037,7
2.024024024024024,0.8707039001651247,7
2.027027027027027,0.9278890272965117,7
2.03003003003003,0.9689107832361471,7
2.033033033033033,0.9930545891403663,7
2.036036036036036,0.9998998717667489,7
2.039039039039039,0.9893273896534939,7
2.042042042042042,0.9615213102471227,7
2.045045045045045,0.9169660017960158,7
2.048048048048048,0.8564375958933501,7
2.051051051051051,0.780990467645915,7
2.054054054054054,0.6919388689775551,7
2.057057057057057,0.5908340350059582,7
2.06006006006006,0.4794371622888118,7
2.063063063063063,0.35968872964455306,7
2.066066066066066,0.23367469596425872,7
2.069069069069069,0.10359016383224778,7
2.0720720720720722,-0.028298858083121707,7
2.075075075075075,-0.15969492778755096,7
2.078078078078078,-0.2883091902722077,7
2.081081081081081,-0.4119012482439903,7
2.084084084084084,-0.5283181887460474,7
2.0870870870870872,-0.6355320858443898,7
2.09009009009009,-0.7316753261016723,7
2.093093093093093,-0.8150731414862559,7
2.096096096096096,-0.8842727830087783,7
2.099099099099099,-0.9380688268961607,7
2.1021021021021022,-0.9755241724818381,7
2.105105105105105,-0.9959863660391038,7
2.108108108108108,-0.9990989662046817,7
2.111111111111111,-0.9848077530122071,7
2.114114114114114,-0.9533616723774327,7
2.1171171171171173,-0.9053084995825963,7
2.12012012012012,-0.8414852973000508,7
2.123123123123123,-0.7630038343715386,7
2.126126126126126,-0.6712312193409067,7
2.129129129129129,-0.5677660860947139,7
2.1321321321321323,-0.45441074644487317,7
2.135135135135135,-0.33313979474206845,7
2.138138138138138,-0.20606571141170588,7
2.141141141141141,-0.07540206458240306,7
2.144144144144144,0.05657504918378881,7
2.1471471471471473,0.18756665337584558,7
2.15015015015015,0.31529093857549517,7
2.153153153153153,0.4375230104568955,7
2.156156156156156,0.5521336463530722,7
2.159159159159159,0.6571263852691781,7
2.1621621621621623,0.7506723052527232,7
2.165165165165165,0.8311418823156914,7
2.168168168168168,0.8971333759423051,7
2.171171171171171,0.9474972467204272,7
2.174174174174174,0.9813561807535576,7
2.1771771771771773,0.9981203720381464,7
2.18018018018018,0.9974977965944997,7
2.1831831831831834,0.979499299381114,7
2.186186186186186,0.9444384053808302,7
2.189189189189189,0.8929258581495713,7
2.1921921921921923,0.8258589809635398,7
2.195195195195195,0.744406045888426,7
2.1981981981981984,0.6499859230536453,7
2.201201201201201,0.5442433646315793,7
2.204204204204204,0.42902035406234146,7
2.2072072072072073,0.30632401960678773,7
2.21021021021021,0.17829167115798242,7
2.2132132132132134,0.047153569352300105,7
2.2162162162162162,-0.08480592447551268,7
2.219219219219219,-0.21528814074507785,7
2.2222222222222223,-0.3420201433256681,7
2.225225225225225,-0.46279432296729656,7
2.2282282282282284,-0.5755068527698977,7
2.2312312312312312,-0.6781943358146613,7
2.234234234234234,-0.7690680065743111,7
2.2372372372372373,-0.8465448903300623,7
2.24024024024024,-0.909275377813883,7
2.2432432432432434,-0.9561667347392506,7
2.2462462462462462,-0.9864021366957141,7
2.249249249249249,-0.9994548978290692,7
2.2522522522522523,-0.9950976454502654,7
2.255255255255255,-0.9734062807560048,7
2.2582582582582584,-0.93475865666715,7
2.2612612612612613,-0.879827995816429,7
2.264264264264264,-0.8095711633407531,7
2.2672672672672673,-0.7252119987603997,7
2.27027027027027,-0.6282199972956466,7
2.2732732732732734,-0.5202847119815732,7
2.2762762762762763,-0.40328632248399,7
2.279279279279279,-0.27926288329284127,7
2.2822822822822824,-0.15037482181393624,7
2.285285285285285,-0.018867304784468686,7
2.2882882882882885,0.1129688714290692,7
2.2912912912912913,0.2428371853785816,7
2.294294294294294,0.36847539481024266,7
2.2972972972972974,0.4876949438136383,7
2.3003003003003,0.5984190863909172,7
2.3033033033033035,0.6987190623523676,7
2.3063063063063063,0.7868476953715888,7
2.309309309309309,0.8612698279392216,7
2.3123123123123124,0.9206890630528608,7
2.315315315315315,0.9640703468161486,7
2.3183183183183185,0.9906579985694323,7
2.3213213213213213,0.9999888744757142,7
2.324324324324324,0.9919004352588787,7
2.3273273273273274,0.9665335775580419,7
2.33033033033033,0.92433017957731,7
2.3333333333333335,0.8660254037844347,7
2.3363363363363363,0.7926348907416899,7
2.339339339339339,0.7054370671459606,7
2.3423423423423424,0.6059508762635468,7
2.3453453453453452,0.4959093186844022,7
2.3483483483483485,0.37722926430277226,7
2.3513513513513513,0.2519780613851296,7
2.354354354354354,0.12233752437846385,7
2.3573573573573574,-0.009434072225887997,7
2.3603603603603602,-0.1410413319249086,7
2.3633633633633635,-0.2701917208837834,7
2.3663663663663663,-0.39463550274944015,7
2.369369369369369,-0.5122049279530997,7
2.3723723723723724,-0.6208519948432397,7
2.3753753753753752,-0.7186841248685335,7
2.3783783783783785,-0.8039971303669436,7
2.3813813813813813,-0.8753049006778076,7
2.384384384384384,-0.9313652894598493,7
2.3873873873873874,-0.971201752270376,7
2.3903903903903903,-0.9941203574899389,7
2.3933933933933935,-0.9997218742703888,7
2.3963963963963963,-0.9879087269401792,7
2.399399399399399,-0.9588866947246524,7
2.4024024024024024,-0.9131613271729822,7
2.4054054054054053,-0.8515291377333184,7
2.4084084084084085,-0.7750637288796025,7
2.4114114114114114,-0.6850970904837834,7
2.414414414414414,-0.5831963972062894,7
2.4174174174174174,-0.4711367090830246,7
2.4204204204204203,-0.3508700508513396,7
2.4234234234234235,-0.22449140863757022,7
2.4264264264264264,-0.09420223632764003,7
2.429429429429429,0.03772789267870127,7
2.4324324324324325,0.16900082032184535,7
2.4354354354354353,0.2973298366671667,7
2.4384384384384385,0.42047951326922,7
2.4414414414414414,0.536304643237374,7
2.4444444444444446,0.6427876096865409,7
2.4474474474474475,0.738073531632339,7
2.4504504504504503,0.8205025751070782,7
2.4534534534534536,0.8886388666523539,7
2.4564564564564564,0.9412955055295011,7
2.4594594594594597,0.9775552389476875,7
2.4624624624624625,0.9967864401570334,7
2.4654654654654653,0.9986541110764571,7
2.4684684684684686,0.9831257177957042,7
2.4714714714714714,0.9504717573001122,7
2.4744744744744747,0.9012610455459404,7
2.4774774774774775,0.8363508089657797,7
2.4804804804804803,0.7568717520049973,7
2.4834834834834836,0.6642083608056113,7
2.4864864864864864,0.5599747861376059,7
2.4894894894894897,0.4459867256850765,7
2.4924924924924925,0.3242297954843735,7
2.4954954954954953,0.19682494146772397,7
2.4984984984984986,0.06599149362662729,7
2.5015015015015014,-0.06599149362661165,7
2.5045045045045047,-0.1968249414677086,7
2.5075075075075075,-0.3242297954843721,7
2.5105105105105103,-0.4459867256850625,7
2.5135135135135136,-0.5599747861375929,7
2.5165165165165164,-0.6642083608056102,7
2.5195195195195197,-0.7568717520049963,7
2.5225225225225225,-0.8363508089657711,7
2.5255255255255253,-0.9012610455459399,7
2.5285285285285286,-0.9504717573001118,7
2.5315315315315314,-0.9831257177957015,7
2.5345345345345347,-0.9986541110764563,7
2.5375375375375375,-0.9967864401570347,7
2.5405405405405403,-0.9775552389476878,7
2.5435435435435436,-0.9412955055295017,7
2.5465465465465464,-0.8886388666523611,7
2.5495495495495497,-0.8205025751070871,7
2.5525525525525525,-0.73807353163234,7
2.5555555555555554,-0.642787609686553,7
2.5585585585585586,-0.5363046432373872,7
2.5615615615615615,-0.42047951326922134,7
2.5645645645645647,-0.2973298366671681,7
2.5675675675675675,-0.16900082032186078,7
2.5705705705705704,-0.03772789267873113,7
2.5735735735735736,0.09420223632762444,7
2.5765765765765765,0.2244914086375688,7
2.5795795795795797,0.3508700508513382,7
2.5825825825825826,0.47113670908301075,7
2.5855855855855854,0.5831963972062651,7
2.5885885885885886,0.6850970904837823,7
2.5915915915915915,0.7750637288795926,7
2.5945945945945947,0.8515291377333102,7
2.5975975975975976,0.9131613271729816,7
2.6006006006006004,0.9588866947246439,7
2.6036036036036037,0.9879087269401767,7
2.6066066066066065,0.9997218742703885,7
2.6096096096096097,0.9941203574899391,7
2.6126126126126126,0.9712017522703764,7
2.6156156156156154,0.9313652894598602,7
2.6186186186186187,0.8753049006778152,7
2.6216216216216215,0.8039971303669444,7
2.6246246246246248,0.7186841248685345,7
2.6276276276276276,0.620851994843252,7
2.6306306306306304,0.5122049279531253,7
2.6336336336336337,0.3946355027494415,7
2.6366366366366365,0.2701917208837985,7
2.6396396396396398,0.14104133192492413,7
2.6426426426426426,0.009434072225903676,7
2.6456456456456454,-0.12233752437844828,7
2.6486486486486487,-0.25197806138512824,7
2.6516516516516515,-0.3772292643027577,7
2.6546546546546548,-0.4959093186843886,7
2.6576576576576576,-0.6059508762635457,7
2.6606606606606604,-0.7054370671459393,7
2.6636636636636637,-0.7926348907416804,7
2.6666666666666665,-0.866025403784434,7
2.66966966966967,-0.9243301795773095,7
2.6726726726726726,-0.9665335775580379,7
2.6756756756756754,-0.991900435258875,7
2.6786786786786787,-0.9999888744757142,7
2.6816816816816815,-0.9906579985694325,7
2.684684684684685,-0.9640703468161489,7
2.6876876876876876,-0.9206890630528669,7
2.6906906906906904,-0.8612698279392368,7
2.6936936936936937,-0.7868476953715897,7
2.6966966966966965,-0.6987190623523788,7
2.6996996996997,-0.5984190863909298,7
2.7027027027027026,-0.4876949438136396,7
2.705705705705706,-0.368475394810244,7
2.7087087087087087,-0.2428371853785968,7
2.7117117117117115,-0.11296887142908477,7
2.714714714714715,0.01886730478446722,7
2.7177177177177176,0.1503748218139348,7
2.720720720720721,0.2792628832928399,7
2.7237237237237237,0.40328632248397567,7
2.7267267267267266,0.520284711981572,7
2.72972972972973,0.6282199972956454,7
2.7327327327327327,0.7252119987603889,7
2.735735735735736,0.8095711633407439,7
2.7387387387387387,0.8798279958164283,7
2.7417417417417416,0.9347586566671444,7
2.744744744744745,0.9734062807560012,7
2.7477477477477477,0.9950976454502652,7
2.750750750750751,0.9994548978290692,7
2.7537537537537538,0.9864021366957143,7
2.7567567567567566,0.9561667347392553,7
2.75975975975976,0.9092753778138896,7
2.7627627627627627,0.8465448903300631,7
2.765765765765766,0.769068006574312,7
2.7687687687687688,0.6781943358146728,7
2.7717717717717716,0.5755068527698989,7
2.774774774774775,0.4627943229672979,7
2.7777777777777777,0.34202014332568287,7
2.780780780780781,0.21528814074509314,7
2.7837837837837838,0.08480592447551413,7
2.7867867867867866,-0.047153569352298634,7
2.78978978978979,-0.17829167115798097,7
2.7927927927927927,-0.3063240196067728,7
2.795795795795796,-0.4290203540623273,7
2.798798798798799,-0.5442433646315781,7
2.8018018018018016,-0.6499859230536335,7
2.804804804804805,-0.7444060458884154,7
2.8078078078078077,-0.8258589809635389,7
2.810810810810811,-0.8929258581495706,7
2.813813813813814,-0.9444384053808251,7
2.8168168168168166,-0.9794992993811137,7
2.81981981981982,-0.9974977965944996,7
2.8228228228228227,-0.9981203720381465,7
2.825825825825826,-0.9813561807535578,7
2.828828828828829,-0.9474972467204322,7
2.8318318318318316,-0.8971333759423183,7
2.834834834834835,-0.8311418823156923,7
2.8378378378378377,-0.7506723052527335,7
2.840840840840841,-0.6571263852691899,7
2.843843843843844,-0.5521336463530735,7
2.8468468468468466,-0.4375230104569224,7
2.84984984984985,-0.31529093857551005,7
2.8528528528528527,-0.18756665337584702,7
2.855855855855856,-0.05657504918379028,7
2.858858858858859,0.0754020645824016,7
2.8618618618618616,0.20606571141167665,7
2.864864864864865,0.3331397947420537,7
2.8678678678678677,0.4544107464448719,7
2.870870870870871,0.5677660860947127,7
2.873873873873874,0.671231219340895,7
2.8768768768768767,0.7630038343715193,7
2.87987987987988,0.8414852973000501,7
2.8828828828828827,0.9053084995825896,7
2.885885885885886,0.953361672377428,7
2.888888888888889,0.9848077530122069,7
2.8918918918918917,0.9990989662046811,7
2.894894894894895,0.9959863660391041,7
2.8978978978978978,0.9755241724818415,7
2.900900900900901,0.938068826896166,7
2.903903903903904,0.884272783008779,7
2.9069069069069067,0.8150731414862732,7
2.90990990990991,0.7316753261016831,7
2.9129129129129128,0.6355320858444019,7
2.915915915915916,0.5283181887460487,7
2.918918918918919,0.41190124824399166,7
2.9219219219219217,0.28830919027224994,7
2.924924924924925,0.1596949277875524,7
2.9279279279279278,0.028298858083123175,7
2.930930930930931,-0.10359016383223218,7
2.933933933933934,-0.23367469596424348,7
2.9369369369369367,-0.35968872964452514,7
2.93993993993994,-0.479437162288798,7
2.942942942942943,-0.5908340350059456,7
2.945945945945946,-0.6919388689775541,7
2.948948948948949,-0.7809904676459052,7
2.951951951951952,-0.8564375958933493,7
2.954954954954955,-0.9169660017960153,7
2.957957957957958,-0.9615213102471184,7
2.960960960960961,-0.9893273896534936,7
2.963963963963964,-0.9998998717667489,7
2.966966966966967,-0.9930545891403681,7
2.96996996996997,-0.968910783236151,7
2.972972972972973,-0.9278890272965122,7
2.975975975975976,-0.8707039001651324,7
2.978978978978979,-0.7983515386744131,7
2.981981981981982,-0.7120922854310153,7
2.984984984984985,-0.6134287342666745,7
2.987987987987988,-0.5040795557913403,7
2.990990990990991,-0.3859495589953212,7
2.993993993993994,-0.2610965104121098,7
2.996996996996997,-0.13169528883561962,7
3.0,1.9619108011821185e-15,7
