time,signal
0.0,-0.176919531
0.0011094427757757758,-0.11853837610546805
0.0022188855515515517,-0.0601572212109361
0.0033283283273273278,-0.050227314092813474
0.004437771103103103,-0.08948280412375129
0.005547213878878879,-0.12873829415468907
0.0066566566546546555,-0.18204672970960256
0.007766099430430431,-0.23546163270977083
0.008875542206206207,-0.21097885515848785
0.009984984981981982,-0.10500321674348637
0.011094427757757758,0.0009724216715151224
0.012203870533533534,-0.04610523881961522
0.013313313309309311,-0.09551957557232761
0.014422756085085087,-0.13626544431049153
0.015532198860860862,-0.16766561708032535
0.016641641636636638,-0.19906578985015916
0.017751084412412414,-0.23230649018618965
0.01886052718818819,-0.2655896648227959
0.019969969963963965,-0.24433637289094493
0.02107941273973974,-0.1624871030821214
0.022188855515515516,-0.08063783327329788
0.02329829829129129,-0.15977237365640173
0.024407741067067067,-0.24389862684694624
0.025517183842842843,-0.25911639190601643
0.026626626618618622,-0.19542282163327038
0.027736069394394398,-0.13172925136052455
0.028845512170170173,-0.1624748191882564
0.02995495494594595,-0.19690943703874628
0.031064397721721725,-0.22569445102827795
0.0321738404974975,-0.2478110691512163
0.033283283273273276,-0.2699276872741548
0.03439272604904905,-0.24154478979523214
0.03550216882482483,-0.21077610456928392
0.036611611600600606,-0.19026898435850711
0.03772105437637638,-0.18224676369338821
0.03883049715215216,-0.17422454302826923
0.03993993992792793,-0.1218784665607423
0.04104938270370371,-0.0670699481931385
0.04215882547947948,-0.07463357813349507
0.04326826825525526,-0.16042678103069052
0.04437771103103103,-0.2462199839278854
0.04548715380680681,-0.2283157749052891
0.04659659658258258,-0.20377497713419196
0.04770603935835836,-0.18087813420217602
0.048815482134134135,-0.16010709332055673
0.049924924909909914,-0.13933605243893732
0.051034367685685686,-0.1703592451076821
0.052143810461461465,-0.20514169747078137
0.053253253237237244,-0.21557853520519588
0.054362696013013016,-0.19355452498875556
0.055472138788788795,-0.1715305147723151
0.05658158156456457,-0.1683560648793964
0.05769102434034035,-0.1667141087264488
0.05880046711611612,-0.1326659615295812
0.0599099098918919,-0.05405935367658554
0.06101935266766767,0.024547254176409627
0.06212879544344345,-0.05781519030081596
0.06323823821921923,-0.15469122186694337
0.064347680994995,-0.21698855875001025
0.06545712377077077,-0.23024699578444696
0.06656656654654655,-0.24350543281888365
0.06767600932232233,-0.20064210799126644
0.0687854520980981,-0.15221296700122805
0.06989489487387388,-0.1379389673821679
0.07100433764964965,-0.17363259548290969
0.07211378042542543,-0.20932622358365147
0.07322322320120121,-0.2199997895828872
0.07433266597697698,-0.2279628544089125
0.07544210875275276,-0.2454796874758254
0.07655155152852854,-0.2774173040163159
0.07766099430430431,-0.3093549205568064
0.07877043708008008,-0.2786888743021564
0.07987987985585586,-0.24065767393566978
0.08098932263163164,-0.20612070317189946
0.08209876540740742,-0.17702667663792557
0.08320820818318318,-0.14793265010395207
0.08431765095895896,-0.19376623857607034
0.08542709373473474,-0.24912449742205178
0.08653653651051052,-0.2761613131036947
0.08764597928628629,-0.2576617055501882
0.08875542206206206,-0.23916209799668148
0.08986486483783784,-0.19813589937962753
0.09097430761361362,-0.15402913768419618
0.0920837503893894,-0.1376386880229778
0.09319319316516517,-0.16725738013312919
0.09430263594094095,-0.1968760722432809
0.09541207871671673,-0.22332794349586355
0.0965215214924925,-0.24931571325287005
0.09763096426826827,-0.25714741054431195
0.09874040704404405,-0.2338544354477884
0.09984984981981983,-0.21056146035126483
0.1009592925955956,-0.2473751676578138
0.10206873537137137,-0.2935968796068359
0.10317817814714715,-0.32608937582441727
0.10428762092292293,-0.3342696951344985
0.10539706369869871,-0.34245001444457973
0.10650650647447449,-0.24044706796851828
0.10761594925025025,-0.1200801794911808
0.10872539202602603,-0.0453088400294567
0.10983483480180181,-0.053967555108930185
0.11094427757757759,-0.06262627018840368
0.11205372035335336,-0.10189901150406935
0.11316316312912914,-0.14659016157299426
0.11427260590490491,-0.17809732800740136
0.1153820486806807,-0.18466955443159858
0.11649149145645646,-0.1912417808557957
0.11760093423223224,-0.15561430902922987
0.11871037700800802,-0.11207437401931075
0.1198198197837838,-0.11819943896961414
0.12092926255955956,-0.22144701075983628
0.12203870533533534,-0.32469458255005973
0.12314814811111112,-0.27069465347058647
0.1242575908868869,-0.18552859078696238
0.12536703366266266,-0.15266829468979257
0.12647647643843846,-0.22560831538220452
0.12758591921421422,-0.2985483360746146
0.12869536198999,-0.2633633547524447
0.12980480476576578,-0.20557038132719657
0.13091424754154155,-0.16653230709937888
0.13202369031731734,-0.16674875128003827
0.1331331330930931,-0.16696519546069766
0.13424257586886887,-0.16398832766893698
0.13535201864464466,-0.16030834657104878
0.13646146142042043,-0.16582965443317105
0.1375709041961962,-0.1912870825390705
0.13868034697197199,-0.21674451064497063
0.13978978974774775,-0.22004365012828053
0.14089923252352354,-0.21821355150346702
0.1420086752992993,-0.2266392386912239
0.14311811807507507,-0.2580779452473688
0.14422756085085087,-0.2895166518035146
0.14533700362662663,-0.3058823250260629
0.14644644640240242,-0.31858540043542594
0.1475558891781782,-0.29807682848760814
0.14866533195395396,-0.200351235326038
0.14977477472972975,-0.1026256421644654
0.1508842175055055,-0.1576341553541472
0.15199366028128128,-0.2515466488068962
0.15310310305705707,-0.2888922442417849
0.15421254583283284,-0.1898969521040954
0.15532198860860863,-0.09090165996640348
0.1564314313843844,-0.09126233347168573
0.15754087416016016,-0.11811800173094363
0.15865031693593595,-0.1405478973959173
0.15975975971171172,-0.1519133755373148
0.1608692024874875,-0.16327885367871253
0.16197864526326328,-0.1825807791313834
0.16308808803903904,-0.20409575165896993
0.16419753081481483,-0.20585581170617656
0.1653069735905906,-0.15635984571077
0.16641641636636637,-0.10686387971536344
0.16752585914214216,-0.0477742022126547
0.16863530191791792,0.014109765723871445
0.16974474469369372,0.03998933675025451
0.17085418746946948,-0.03114276516240795
0.17196363024524525,-0.1022748670750704
0.17307307302102104,-0.07910955260898259
0.1741825157967968,-0.02728524406781098
0.17529195857257257,0.0006113429905238478
0.17640140134834836,-0.03848970649425759
0.17751084412412413,-0.07759075597903806
0.17862028689989992,-0.09503566271265945
0.1797297296756757,-0.10561920795588578
0.18083917245145145,-0.10269048731456779
0.18194861522722725,-0.060417134824075264
0.183058058003003,-0.01814378233358381
0.1841675007787788,-0.030072994048628773
0.18527694355455457,-0.05988902790963371
0.18638638633033033,-0.08291886058692514
0.18749582910610613,-0.0853844527312786
0.1886052718818819,-0.08785004487563203
0.18971471465765766,-0.061788998462530706
0.19082415743343345,-0.025930916873492707
0.19193360020920922,0.0190005864027602
0.193043042984985,0.09257013211524359
0.19415248576076077,0.16613967782772515
0.19526192853653654,0.1264799764323326
0.19637137131231233,0.046381330765214
0.1974808140880881,0.004354577394713892
0.1985902568638639,0.08759652803464803
0.19969969963963966,0.17083847867458007
0.20080914241541542,0.1193226021323326
0.2019185851911912,0.017793497642551115
0.20302802796696698,-0.057591975290099684
0.20413747074274274,-0.04321751537531074
0.20524691351851854,-0.028843055460521426
0.2063563562942943,-0.011574074632655527
0.2074657990700701,0.006810505332320714
0.20857524184584586,0.019511785795233973
0.20968468462162163,0.011831607553099222
0.21079412739739742,0.004151429310964277
0.21190357017317318,0.030195528044902647
0.21301301294894898,0.0697293347321706
0.21412245572472474,0.10399039971325848
0.2152318985005005,0.11847866448377367
0.2163413412762763,0.1329669292542892
0.21745078405205207,0.08842056169968801
0.21856022682782783,0.01938105956056252
0.21966966960360362,-0.02158763326839626
0.2207791123793794,0.04764735959240131
0.22188855515515518,0.1168823524532006
0.22299799793093095,0.11244637548249099
0.2241074407067067,0.07632398097774148
0.2252168834824825,0.04755638566572451
0.22632632625825827,0.04905662953924779
0.22743576903403404,0.05055687341277107
0.22854521180980983,0.048078723881665175
0.2296546545855856,0.04382759250231355
0.2307640973613614,0.03384498664114986
0.23187354013713715,-0.0008976641033700203
0.23298298291291292,-0.0356403148478899
0.2340924256886887,-0.06324221464615351
0.23520186846446448,-0.08754838685651145
0.23631131124024027,-0.10147452899243699
0.23742075401601603,-0.06825804606214803
0.2385301967917918,-0.03504156313185908
0.2396396395675676,-0.02011672103183389
0.24074908234334336,-0.013931225027032446
0.24185852511911912,-0.0043155092041028496
0.24296796789489492,0.021705647725647148
0.24407741067067068,0.04772680465539649
0.24518685344644647,0.02122559489922171
0.24629629622222224,-0.03124168950923737
0.247405738997998,-0.08289662729234022
0.2485151817737738,-0.13045291105912105
0.24962462454954956,-0.17800919482590072
0.2507340673253253,-0.1694038714134973
0.2518435101011011,-0.1320795356358943
0.2529529528768769,-0.10521658333323501
0.25406239565265265,-0.13414778903406038
0.25517183842842844,-0.16307899473488718
0.25628128120420424,-0.12638489242971995
0.25739072397998,-0.05499227934414462
0.25850016675575577,-0.00020383939781793564
0.25960960953153156,-0.03922880849531529
0.2607190523073073,-0.07825377759281069
0.2618284950830831,-0.056004668485433604
0.2629379378588589,-0.00026856745357622946
0.2640473806346347,0.0441688019743699
0.2651568234104104,0.020813686726680963
0.2662662661861862,-0.002541428521009144
0.267375708961962,-0.057090484193368346
0.26848515173773774,-0.12925496998432537
0.26959459451351353,-0.1842708639695308
0.2707040372892893,-0.1297266169801048
0.27181348006506506,-0.0751823699906815
0.27292292284084085,-0.07241290272774112
0.27403236561661665,-0.09984537388525376
0.2751418083923924,-0.12284263967334459
0.2762512511681682,-0.11557613093853215
0.27736069394394397,-0.10830962220371973
0.27847013671971976,-0.10488930055456833
0.2795795794954955,-0.10378596179932345
0.2806890222712713,-0.09588648605319663
0.2817984650470471,-0.038290034724293154
0.2829079078228228,0.01930641660460744
0.2840173505985986,0.0440552651875715
0.2851267933743744,0.04837452651040138
0.28623623615015015,0.04655119412314582
0.28734567892592594,-0.0035938645408595746
0.28845512170170173,-0.05373892320486497
0.28956456447747747,-0.1091135199165065
0.29067400725325326,-0.16784535344654308
0.29178345002902906,-0.21239799784779403
0.29289289280480485,-0.13642704899517297
0.2940023355805806,-0.0604561001425557
0.2951117783563564,-0.01401084910390768
0.2962212211321322,0.012873653310821007
0.2973306639079079,0.033463790992400606
0.2984401066836837,-0.004047820752145985
0.2995495494594595,-0.041559432496692576
0.30065899223523523,-0.04679966393875957
0.301768435011011,-0.02998096976078462
0.3028778777867868,-0.018362749916263677
0.30398732056256256,-0.05918282665940031
0.30509676333833835,-0.10000290340253898
0.30620620611411414,-0.10197654718157377
0.30731564888988994,-0.0765584208078781
0.3084250916656657,-0.052991060234631696
0.30953453444144147,-0.04995031622655343
0.31064397721721726,-0.04690957221847517
0.311753419992993,-0.04493441566144229
0.3128628627687688,-0.04373423174580593
0.3139723055445446,-0.041963203576694995
0.3150817483203203,-0.03317077238483626
0.3161911910960961,-0.024378341192977094
0.3173006338718719,-0.046813564801354415
0.31841007664764764,-0.09266956645306815
0.31951951942342344,-0.13315774815919246
0.32062896219919923,-0.09968966759144882
0.321738404974975,-0.06622158702370519
0.32284784775075076,-0.04566449268996606
0.32395729052652655,-0.03509188979120614
0.32506673330230235,-0.021369617452384786
0.3261761760780781,0.041566316583900115
0.3272856188538539,0.10450225062018817
0.32839506162962967,0.18027423495484338
0.3295045044054054,0.2662803794899252
0.3306139471811812,0.357834922588381
0.331723389956957,0.5492616217128679
0.33283283273273273,0.7406883208373451
0.3339422755085085,0.8583386872486891
0.3350517182842843,0.9153510234273131
0.33616116106006005,0.9749950819577757
0.33727060383583585,1.0903439185840678
0.33838004661161164,1.2056927552103596
0.33948948938738743,1.3037403805518708
0.34059893216316317,1.3871300238856483
0.34170837493893896,1.4723317409742243
0.34281781771471476,1.603923050167602
0.3439272604904905,1.7355143593609734
0.3450367032662663,1.7804248330815147
0.3461461460420421,1.7496422763161394
0.3472555888178178,1.7188219408858953
0.3483650315935936,1.686783247948115
0.3494744743693694,1.6547445550103346
0.35058391714514514,1.5891315664967347
0.35169335992092093,1.493301700465217
0.3528028026966967,1.3952210121719661
0.3539122454724725,1.1996033833516777
0.35502168824824826,1.0039857545313993
0.35613113102402405,0.851709217094932
0.35724057379979984,0.7396331922758782
0.3583500165755756,0.6270008937945466
0.3594594593513514,0.4779331705726028
0.36056890212712717,0.32886544735065903
0.3616783449029029,0.20847310508790323
0.3627877876786787,0.11549105320007638
0.3638972304544545,0.022385671601057363
0.3650066732302302,-0.08699966557317168
0.366116116006006,-0.19638500274740617
0.3672255587817818,-0.2386461380346808
0.3683350015575576,-0.21478481943275946
0.36944444433333334,-0.19092349780629972
0.37055388710910914,-0.1569955192514622
0.37166332988488493,-0.1230675406966247
0.37277277266066067,-0.0789632532089201
0.37388221543643646,-0.024528474396889904
0.37499165821221225,0.029906304415140292
0.376101100987988,0.014638572071826974
0.3772105437637638,-0.0011572167918916312
0.3783199865395396,-0.04438720423787977
0.3794294293153153,-0.11631761881616505
0.3805388720910911,-0.18824803339445392
0.3816483148668669,-0.11091721782721088
0.3827577576426427,-0.031307527347225306
0.38386720041841843,-0.015342145511527896
0.3849766431941942,-0.06799322991423754
0.38608608596997,-0.12064431431694715
0.38719552874574575,-0.1341723669970574
0.38830497152152155,-0.14679758029855874
0.38941441429729734,-0.09422321694209314
0.3905238570730731,0.030795180214026052
0.39163329984884887,0.15581357737015147
0.39274274262462466,0.09669038838701384
0.3938521854004004,0.03185730318718438
0.3949616281761762,-0.07489026840005023
0.396071070951952,-0.22963663065848758
0.3971805137277278,-0.38438299291692496
0.3982899565035035,-0.27052417688845476
0.3993993992792793,-0.14617299794301547
0.4005088420550551,-0.108792545665305
0.40161828483083084,-0.17406611067904276
0.40272772760660663,-0.2393396756927838
0.4038371703823824,-0.2454548694685698
0.40494661315815816,-0.24877515948423015
0.40605605593393396,-0.23624081850224055
0.40716549870970975,-0.20441663670013988
0.4082749414854855,-0.17259245489804076
0.4093843842612613,-0.1712635999334234
0.4104938270370371,-0.1716289233455291
0.41160326981281287,-0.19929305078635948
0.4127127125885886,-0.261196357728388
0.4138221553643644,-0.32309966467041956
0.4149315981401402,-0.2578032935991145
0.4160410409159159,-0.1843661125562382
0.4171504836916917,-0.14996628977040072
0.4182599264674675,-0.16604589441800421
0.41936936924324325,-0.18212549906560693
0.42047881201901904,-0.19647091286482138
0.42158825479479484,-0.21069045854580445
0.4226976975705706,-0.22378864702916074
0.42380714034634637,-0.23539169310643657
0.42491658312212216,-0.2469947391837124
0.42602602589789795,-0.1927552730389596
0.4271354686736737,-0.1331627482507128
0.4282449114494495,-0.09316832301187619
0.4293543542252253,-0.08012131961511577
0.430463797001001,-0.06707431621835601
0.4315732397767768,-0.07660396996331398
0.4326826825525526,-0.08816923782273559
0.43379212532832834,-0.12355214284197755
0.43490156810410413,-0.19271276234838874
0.4360110108798799,-0.2618733818547999
0.43712045365565566,-0.2258984080092614
0.43822989643143145,-0.17949676145306565
0.43933933920720725,-0.1708963198384914
0.440448781982983,-0.21759769125650258
0.4415582247587588,-0.2642990626745161
0.44266766753453457,-0.16772406726246103
0.44377711031031036,-0.05562739149168516
0.4448865530860861,-0.02607825216360688
0.4459959958618619,-0.12112902223065948
0.4471054386376377,-0.21617979229771206
0.4482148814134134,-0.21938073717633863
0.4493243241891892,-0.2117758293395709
0.450433766964965,-0.20587102476376742
0.45154320974074075,-0.20261445931656352
0.45265265251651654,-0.19935789386935943
0.45376209529229233,-0.19153598521979406
0.45487153806806807,-0.18313373445906583
0.45598098084384386,-0.17351811743402637
0.45709042361961966,-0.16195159346314256
0.45819986639539545,-0.15038506949225874
0.4593093091711712,-0.14253996617150883
0.460418751946947,-0.13520377422907892
0.4615281947227228,-0.12540158580082392
0.4626376374984985,-0.1115058427725189
0.4637470802742743,-0.0976100997442132
0.4648565230500501,-0.13859331106788053
0.46596596582582583,-0.18761914406800534
0.4670754086016016,-0.22325829436990094
0.4681848513773774,-0.2359488036521596
0.46929429415315316,-0.24863931293441763
0.47040373692892895,-0.18939520678282437
0.47151317970470474,-0.1188917958196758
0.47262262248048054,-0.07344641481844702
0.4737320652562563,-0.07237461463424312
0.47484150803203207,-0.07130281445003918
0.47595095080780786,-0.1252530248971314
0.4770603935835836,-0.18837358009276522
0.4781698363593594,-0.2050300940278268
0.4792792791351352,-0.13666717570660888
0.4803887219109109,-0.06830425738539439
0.4814981646866867,-0.10396434507543421
0.4826076074624625,-0.15803566077271533
0.48371705023823824,-0.16203423521144006
0.48482649301401404,-0.07133008732087605
0.48593593578978983,0.01937406056968799
0.4870453785655656,-0.05188201740053888
0.48815482134134136,-0.15350564494278407
0.48926426411711715,-0.20134896540995417
0.49037370689289295,-0.14402179828664136
0.4914831496686687,-0.08669463116333143
0.4925925924444445,-0.029075960219300374
0.49370203522022027,0.028600486438285208
0.494811477995996,0.07335687313009964
0.4959209207717718,0.09197953363168324
0.4970303635475476,0.11060219413326682
0.49813980632332333,0.012724092599777359
0.4992492490990991,-0.10951324801990922
0.5003586918748749,-0.18818416107222
0.5014681346506507,-0.17566947156064294
0.5025775774264265,-0.1631547820490646
0.5036870202022022,-0.14466332465832263
0.504796462977978,-0.1248558786843116
0.5059059057537538,-0.11674701170496336
0.5070153485295296,-0.1339851289528774
0.5081247913053053,-0.15122324620079144
0.5092342340810811,-0.1617398332785667
0.5103436768568569,-0.17070051225271116
0.5114531196326326,-0.18162519572537517
0.5125625624084085,-0.19695691447620955
0.5136720051841842,-0.21228863322704242
0.51478144795996,-0.18641312970805424
0.5158908907357358,-0.15052464104638108
0.5170003335115115,-0.13668756777348381
0.5181097762872873,-0.17412014267277454
0.5192192190630631,-0.21155271757206898
0.5203286618388389,-0.12543548552416725
0.5214381046146146,-0.00784807016172473
0.5225475473903904,0.06719400433852792
0.5236569901661662,0.039690927360860516
0.524766432941942,0.012187850383190368
0.5258758757177178,0.0017793358881050235
0.5269853184934935,-0.004070624708204589
0.5280947612692694,-0.008998972257892765
0.5292042040450451,-0.011623283314425782
0.5303136468208208,-0.0142475943709588
0.5314230895965967,-0.03198085465957061
0.5325325323723724,-0.05392720078293194
0.5336419751481482,-0.04236314840114976
0.534751417923924,0.05614673531306329
0.5358608606996997,0.15465661902726646
0.5369703034754755,0.07876773700132787
0.5380797462512513,-0.047916915174155555
0.5391891890270271,-0.10928411698692304
0.5402986318028028,0.005343141976585725
0.5414080745785786,0.11997040094010597
0.5425175173543544,0.1632579645741551
0.5436269601301301,0.18486380184551873
0.544736402905906,0.19312922974464847
0.5458458456816817,0.16404156014047136
0.5469552884574574,0.13495389053629425
0.5480647312332333,0.07664410541143905
0.549174174009009,0.009075830873260887
0.5502836167847848,-0.014557980041977926
0.5513930595605606,0.08973512982645668
0.5525025023363364,0.19402823969488084
0.5536119451121122,0.17774437485782707
0.5547213878878879,0.12167003368496303
0.5558308306636637,0.07521014381578026
0.5569402734394395,0.05788504094894008
0.5580497162152153,0.04055993808210164
0.559159158990991,0.09350750188518422
0.5602686017667668,0.17058909391770144
0.5613780445425426,0.20862021103242318
0.5624874873183183,0.12339823163857819
0.5635969300940942,0.03817625224472465
0.5647063728698699,0.07764761717475797
0.5658158156456456,0.16165237747115144
0.5669252584214215,0.23466337947957264
0.5680347011971972,0.27150127846178224
0.569144143972973,0.3083391774439918
0.5702535867487488,0.26807066884412434
0.5713630295245246,0.19918538487716575
0.5724724723003003,0.14798084834721567
0.5735819150760761,0.1574801956504776
0.5746913578518519,0.16697954295373857
0.5758008006276276,0.1240649361990491
0.5769102434034035,0.06094910230333013
0.5780196861791792,0.021849883537602956
0.5791291289549549,0.0688793958842191
0.5802385717307308,0.11590890823083996
0.5813480145065065,0.14331152296358882
0.5824574572822823,0.16286335718597497
0.5835669000580581,0.1741376084789507
0.5846763428338339,0.15437095036652926
0.5857857856096097,0.13460429225410583
0.5868952283853854,0.18402547570696934
0.5880046711611612,0.26215226113602946
0.589114113936937,0.3229493271335415
0.5902235567127128,0.31571108908414713
0.5913329994884885,0.3084728510347527
0.5924424422642643,0.30213226413806754
0.5935518850400401,0.29617776460473066
0.5946613278158158,0.2959070295577264
0.5957707705915917,0.319027135821286
0.5968802133673674,0.3421472420848434
0.5979896561431431,0.3255264063302803
0.599099098918919,0.29119493656159545
0.6002085416946947,0.2544512623922142
0.6013179844704705,0.20728685410748135
0.6024274272462463,0.16012244582274376
0.603536870022022,0.21967711493667647
0.6046463127977978,0.3284868257607323
0.6057557555735736,0.39753798597455875
0.6068651983493494,0.2860183726024319
0.6079746411251251,0.174498759230305
0.609084083900901,0.22857306668040678
0.6101935266766767,0.36176442061866954
0.6113029694524524,0.448547967668995
0.6124124122282283,0.3133810322887589
0.613521855004004,0.1782140969085363
0.6146312977797799,0.12701902891759537
0.6157407405555556,0.11733819254482364
0.6168501833313313,0.12000902692520343
0.6179596261071072,0.18499986574573823
0.6190690688828829,0.24999070456626654
0.6201785116586587,0.2351027220618997
0.6212879544344345,0.17936765747139777
0.6223973972102103,0.14174086144128623
0.623506839985986,0.20069147476155952
0.6246162827617618,0.25964208808183864
0.6257257255375376,0.21023246342211735
0.6268351683133133,0.10352887692443352
0.6279446110890892,0.03346407673697148
0.6290540538648649,0.17040901947892317
0.6301634966406406,0.3073539622208749
0.6312729394164165,0.26908981479021066
0.6323823821921922,0.13507162276488902
0.633491824967968,0.01928374023358834
0.6346012677437438,0.012877599642900483
0.6357107105195196,0.006471459052213269
0.6368201532952953,0.0025863807066559396
0.6379295960710711,0.00012496148689218264
0.6390390388468469,0.0010324667599420152
0.6401484816226226,0.023463706568305362
0.6412579243983985,0.04589494637667095
0.6423673671741742,0.006215763160430272
0.64347680994995,-0.06969457402058689
0.6445862527257258,-0.13019674726669342
0.6456956955015015,-0.08556107376989217
0.6468051382772774,-0.04092540027308644
0.6479145810530531,-0.03649536532285988
0.6490240238288288,-0.05628559199194731
0.6501334666046047,-0.07500960620623476
0.6512429093803804,-0.08593692886329665
0.6523523521561562,-0.09686425152035855
0.653461794931932,-0.08596157415891954
0.6545712377077078,-0.06148167999854824
0.6556806804834835,-0.047037792630885096
0.6567901232592593,-0.11154428166129551
0.6578995660350351,-0.1760507706916995
0.6590090088108108,-0.1856364647994896
0.6601184515865867,-0.1599643826988133
0.6612278943623624,-0.1382238713773671
0.6623373371381381,-0.14990173973391935
0.663446779913914,-0.16157960809047275
0.6645562226896897,-0.1298276241236961
0.6656656654654655,-0.06930332936822915
0.6667751082412413,-0.019638684664201624
0.667884551017017,-0.07021751044769538
0.6689939937927928,-0.12079633623118914
0.6701034365685686,-0.164479674064952
0.6712128793443444,-0.20344964467136833
0.6723223221201201,-0.23209998647186686
0.673431764895896,-0.15669409405554052
0.6745412076716717,-0.08128820163922176
0.6756506504474475,-0.11908964504501562
0.6767600932232233,-0.23671683419405407
0.677869535998999,-0.33855176615954413
0.6789789787747749,-0.2652353227466019
0.6800884215505506,-0.19191887933366691
0.6811978643263263,-0.20787120473197024
0.6823073071021022,-0.2887464269112719
0.6834167498778779,-0.36313407811214893
0.6845261926536537,-0.3577247384924691
0.6856356354294295,-0.3523153988727888
0.6867450782052053,-0.2939745726083606
0.687854520980981,-0.1959351174449702
0.6889639637567568,-0.105459356471145
0.6900734065325326,-0.11919496711290936
0.6911828493083083,-0.13293057775467373
0.6922922920840842,-0.1132891041989746
0.6934017348598599,-0.06783596764793082
0.6945111776356356,-0.03178709364283687
0.6956206204114115,-0.1426792699723573
0.6967300631871872,-0.2535714463018667
0.697839505962963,-0.28539598470875915
0.6989489487387388,-0.254180111981181
0.7000583915145145,-0.22231576704609948
0.7011678342902903,-0.17877887795355746
0.7022772770660661,-0.13524198886101108
0.7033867198418419,-0.10042790560488277
0.7044961626176177,-0.07278326311906091
0.7056056053933935,-0.051533071988364584
0.7067150481691692,-0.16563396086625592
0.707824490944945,-0.2797348497441587
0.7089339337207208,-0.27888992551066133
0.7100433764964965,-0.18066039658775926
0.7111528192722724,-0.08838707913384003
0.7122622620480481,-0.14859316562356809
0.7133717048238238,-0.20879925211329614
0.7144811475995997,-0.19293411881231257
0.7155905903753754,-0.11064051800613928
0.7167000331511512,-0.030823922417294657
0.717809475926927,-0.030892099913841335
0.7189189187027027,-0.030960277410388006
0.7200283614784785,-0.08443778807277405
0.7211378042542543,-0.18598365894860064
0.7222472470300301,-0.2848171707241515
0.7233566898058058,-0.2661151455742873
0.7244661325815817,-0.24741312042442115
0.7255755753573574,-0.24056742717329552
0.7266850181331331,-0.2447189199930805
0.727794460908909,-0.24857726858725487
0.7289039036846847,-0.23323415497247216
0.7300133464604605,-0.21789104135768944
0.7311227892362363,-0.2087264796649159
0.732232232012012,-0.20546790087061112
0.7333416747877879,-0.2024925304529593
0.7344511175635636,-0.23690015649480456
0.7355605603393394,-0.27130778253664983
0.7366700031151152,-0.270492023029602
0.737779445890891,-0.23497858634982752
0.7388888886666667,-0.199465149670053
0.7399983314424425,-0.17004496468226823
0.7411077742182183,-0.14062478152521146
0.742217216993994,-0.15660795241307324
0.7433266597697699,-0.21868249941792323
0.7444361025455456,-0.28075704642276705
0.7455455453213213,-0.22297038627085639
0.7466549880970972,-0.16427571086095616
0.7477644308728729,-0.12336918300950844
0.7488738736486487,-0.10107179431051687
0.7499833164244245,-0.07877440561152306
0.7510927592002002,-0.11373747657903518
0.752202201975976,-0.14957476503760897
0.7533116447517518,-0.166010365075596
0.7544210875275276,-0.1615284859039629
0.7555305303033033,-0.1570466067323298
0.7566399730790792,-0.16623751506279466
0.7577494158548549,-0.1757439579229403
0.7588588586306306,-0.1803095596231411
0.7599683014064065,-0.17938533990156078
0.7610777441821822,-0.1784611201799805
0.762187186957958,-0.18283558646189127
0.7632966297337338,-0.18737435368301072
0.7644060725095095,-0.1737183300502366
0.7655155152852854,-0.13922631052267226
0.7666249580610611,-0.10473429099511135
0.7677344008368369,-0.12783664126868655
0.7688438436126127,-0.15318880321852738
0.7699532863883884,-0.18813897387563355
0.7710627291641642,-0.2344179329341714
0.77217217193994,-0.28069689199271386
0.7732816147157158,-0.20958130407551231
0.7743910574914915,-0.13291951592520815
0.7755005002672674,-0.06383129372981838
0.7766099430430431,-0.003957584597784558
0.7777193858188188,0.05591612453424928
0.7788288285945947,0.014224668224144789
0.7799382713703704,-0.033109343803725495
0.7810477141461462,-0.07834683134934509
0.782157156921922,-0.12095477319168324
0.7832665996976977,-0.16356271503401715
0.7843760424734735,-0.11865483722985927
0.7854854852492493,-0.06814595569716869
0.7865949280250251,-0.04229972912952365
0.7877043708008008,-0.04834488138883789
0.7888138135765767,-0.054390033648152744
0.7899232563523524,-0.10191147058982059
0.7910326991281281,-0.15244329801555842
0.792142141903904,-0.14198938385135015
0.7932515846796797,-0.050220976550166385
0.7943610274554556,0.04154743075102657
0.7954704702312313,-0.017497754769262394
0.796579913007007,-0.08880417533459181
0.7976893557827829,-0.12216428330309836
0.7987987985585586,-0.10334820806629631
0.7999082413343344,-0.08453213282949426
0.8010176841101102,-0.1003582228610176
0.8021271268858859,-0.11930779573875133
0.8032365696616617,-0.09708643003178494
0.8043460124374375,-0.016477087171434174
0.8054554552132133,0.06413225568890851
0.806564897988989,-0.015660520773734282
0.8076743407647649,-0.11136106538795652
0.8087837835405406,-0.161790246419329
0.8098932263163163,-0.1459891215800637
0.8110026690920922,-0.1301879967407968
0.8121121118678679,-0.09397469534842381
0.8132215546436437,-0.05555007182734481
0.8143309974194195,-0.06795071797514984
0.8154404401951952,-0.15706885497204623
0.816549882970971,-0.24618699196894261
0.8176593257467468,-0.22816967101286695
0.8187687685225226,-0.19754810869728973
0.8198782112982983,-0.17020067711251957
0.8209876540740741,-0.14795332995905605
0.8220970968498499,-0.12570598280559475
0.8232065396256257,-0.13554095595271756
0.8243159824014015,-0.14945419107571403
0.8254254251771772,-0.1557455529317249
0.8265348679529531,-0.14978212656975132
0.8276443107287288,-0.14381870020777832
0.8287537535045045,-0.07008460900591705
0.8298631962802804,0.012917302614257498
0.8309726390560561,0.04998589763487701
0.8320820818318319,0.010804983727057772
0.8331915246076077,-0.028375930180765382
0.8343009673833834,-0.08698825802501353
0.8354104101591592,-0.14844829117981445
0.836519852934935,-0.18650441731029532
0.8376292957107108,-0.18443953815778844
0.8387387384864865,-0.18237465900528155
0.8398481812622623,-0.1667454310955963
0.8409576240380381,-0.14899308178538823
0.8420670668138138,-0.1759338348289256
0.8431765095895897,-0.28201880467499585
0.8442859523653654,-0.38810377452105554
0.8453953951411411,-0.3405444023841866
0.846504837916917,-0.26737767582108674
0.8476142806926927,-0.23862352495875577
0.8487237234684685,-0.2911349485888938
0.8498331662442443,-0.34364637221903716
0.8509426090200201,-0.3454417953667663
0.8520520517957959,-0.3382609190545067
0.8531614945715716,-0.3359900864447789
0.8542709373473474,-0.3430056585480896
0.8553803801231232,-0.350021230651401
0.856489822898899,-0.2758100580210162
0.8575992656746747,-0.1863687983016647
0.8587087084504506,-0.14657439408293219
0.8598181512262263,-0.20386714456336016
0.860927594002002,-0.2611598950437881
0.8620370367777779,-0.2854241814510525
0.8631464795535536,-0.3031422794697167
0.8642559223293294,-0.32037331413984366
0.8653653651051052,-0.33661915100346057
0.8664748078808809,-0.3528649878670759
0.8675842506566567,-0.36000285835165347
0.8686936934324325,-0.3652363287373734
0.8698031362082083,-0.38855544397126957
0.870912578983984,-0.44972820593592533
0.8720220217597598,-0.5109009679005873
0.8731314645355356,-0.43510810953188905
0.8742409073113113,-0.32915767601276547
0.8753503500870872,-0.23991435537762854
0.8764597928628629,-0.1868698190635731
0.8775692356386386,-0.1338252827495177
0.8786786784144145,-0.15674453479734793
0.8797881211901902,-0.19724804760194092
0.880897563965966,-0.21969043958214846
0.8820070067417418,-0.20160531698921777
0.8831164495175176,-0.18352019439628892
0.8842258922932934,-0.2686693365721414
0.8853353350690691,-0.37890343055209286
0.8864447778448449,-0.47166243329266233
0.8875542206206207,-0.5237918218423723
0.8886636633963965,-0.5759212103920769
0.8897731061721722,-0.4961035349536849
0.890882548947948,-0.38267663084873027
0.8919919917237238,-0.3135382977753998
0.8931014344994995,-0.3511470561864314
0.8942108772752754,-0.38875581459746666
0.8953203200510511,-0.4123533470797873
0.8964297628268268,-0.4322145562026343
0.8975392056026027,-0.44007630998956876
0.8986486483783784,-0.41793941912753896
0.8997580911541542,-0.3958025282655091
0.90086753392993,-0.3951170243993433
0.9019769767057058,-0.4004131658509359
0.9030864194814815,-0.4018403842467742
0.9041958622572573,-0.39322929354786035
0.9053053050330331,-0.3846182028489473
0.9064147478088088,-0.3231914213692767
0.9075241905845847,-0.24638137208675778
0.9086336333603604,-0.19214090618644009
0.9097430761361361,-0.1987129121421863
0.910852518911912,-0.20528491809793317
0.9119619616876877,-0.17763730468669675
0.9130714044634636,-0.13958960233654807
0.9141808472392393,-0.12984272093115332
0.915290290015015,-0.199338280341596
0.9163997327907909,-0.26883383975204567
0.9175091755665666,-0.29514169747803276
0.9186186183423424,-0.3077662818769868
0.9197280611181182,-0.304363664095128
0.920837503893894,-0.254293641788463
0.9219469466696697,-0.20422361948179796
0.9230563894454455,-0.2612723646761306
0.9241658322212213,-0.35367031256280873
0.925275274996997,-0.4112877181847304
0.9263847177727729,-0.3635093995228638
0.9274941605485486,-0.315731080861002
0.9286036033243243,-0.24934046045033345
0.9297130461001002,-0.17655772123177163
0.9308224888758759,-0.10324137700769333
0.9319319316516517,-0.028240835967038913
0.9330413744274275,0.04675970507362302
0.9341508172032033,0.15788243911586552
0.935260259978979,0.2819059532167395
0.9363697027547548,0.38231721756525017
0.9374791455305306,0.40503649660874197
0.9385885883063063,0.42775577565223377
0.9396980310820822,0.5967012015229465
0.9408074738578579,0.8199162226856911
0.9419169166336337,1.000604365213464
0.9430263594094095,1.0352830932644277
0.9441358021851852,1.0699618213153916
0.9452452449609611,1.2217089738627869
0.9463546877367368,1.4185762158650104
0.9474641305125125,1.5667413578127658
0.9485735732882884,1.540250634816866
0.9496830160640641,1.5137599118209688
0.9507924588398399,1.5172628774344208
0.9519019016156157,1.532763333631165
0.9530113443913915,1.5266478548773659
0.9541207871671672,1.4394723964031495
0.955230229942943,1.3522969379289245
0.9563396727187188,1.1860642943166575
0.9574491154944945,0.9870312248124322
0.9585585582702704,0.7877164968202629
0.9596680010460461,0.587295998746019
0.9607774438218218,0.386875500671775
0.9618868865975977,0.25037015973235943
0.9629963293733734,0.14135522992478283
0.9641057721491492,0.04452099959676089
0.965215214924925,-0.002184852283357644
0.9663246577007008,-0.04889070416347149
0.9674341004764765,-0.15850731574648041
0.9685435432522523,-0.29616031810979626
0.9696529860280281,-0.4025998189352143
0.9707624288038038,-0.3741971148526105
0.9718718715795797,-0.34579441077000383
0.9729813143553554,-0.3647228551657325
0.9740907571311312,-0.4054964514081011
0.975200199906907,-0.42618955009829335
0.9763096426826827,-0.3556835594146347
0.9774190854584586,-0.285177568730969
0.9785285282342343,-0.28039540000382024
0.97963797101001,-0.3070146796710759
0.9807474137857859,-0.3210991138872406
0.9818568565615616,-0.275234007923672
0.9829662993373374,-0.2293689019601034
0.9840757421131132,-0.30153781063740803
0.985185184888889,-0.4320606052614297
0.9862946276646647,-0.5228541817970339
0.9874040704404405,-0.4131955516117065
0.9885135132162163,-0.3035369214263901
0.989622955991992,-0.2645294273181869
0.9907323987677679,-0.26165041449231646
0.9918418415435436,-0.26488754407209536
0.9929512843193193,-0.3007442394735568
0.9940607270950952,-0.33660093487502174
0.9951701698708709,-0.3236376482715321
0.9962796126466467,-0.28486151256846953
0.9973890554224225,-0.2619436791377061
0.9984984981981982,-0.32862530265699297
0.999607940973974,-0.3953069261762798
1.0007173837497498,-0.38253150115291423
1.0018268265255257,-0.32633182366578706
1.0029362693013013,-0.27997331035612294
1.0040457120770772,-0.29266200978465906
1.005155154852853,-0.3053507092131952
1.0062645976286286,-0.3136182254920334
1.0073740404044045,-0.31938906635238
1.0084834831801803,-0.32445988960431454
1.009592925955956,-0.3250583791718709
1.0107023687317318,-0.3256568687394274
1.0118118115075077,-0.33082609736579216
1.0129212542832833,-0.3386615924362947
1.0140306970590591,-0.34567553874280976
1.015140139834835,-0.34708360403814953
1.0162495826106106,-0.3484916693334891
1.0173590253863865,-0.4031488262536578
1.0184684681621623,-0.48988382797584307
1.019577910937938,-0.5548617471039385
1.0206873537137138,-0.46074118655077334
1.0217967964894896,-0.36662062599760814
1.0229062392652652,-0.3923304843052616
1.024015682041041,-0.492569041970751
1.025125124816817,-0.5720800332231192
1.0262345675925926,-0.4885337159019327
1.0273440103683684,-0.4049873985807295
1.0284534531441443,-0.3660993115827368
1.02956289591992,-0.3558807634423343
1.0306723386956957,-0.35252112361947324
1.0317817814714716,-0.4074626254099941
1.0328912242472472,-0.46240412720050394
1.034000667023023,-0.41027093594677155
1.035110109798799,-0.28720076656812976
1.0362195525745745,-0.1818493478226882
1.0373289953503504,-0.24005596239790616
1.0384384381261262,-0.2982625769731242
1.0395478809019019,-0.33158215601709323
1.0406573236776777,-0.34789031675558474
1.0417667664534536,-0.37276707469113474
1.0428762092292292,-0.4840444678363469
1.043985652005005,-0.5953218609815815
1.0450950947807809,-0.576123526002988
1.0462045375565565,-0.46492311960214927
1.0473139803323324,-0.36381353283575213
1.0484234231081082,-0.3746204325895722
1.049532865883884,-0.3854273323433924
1.0506423086596597,-0.396648447232673
1.0517517514354355,-0.4081708098449569
1.0528611942112114,-0.4185438935171155
1.053970636986987,-0.41478074748596616
1.0550800797627629,-0.41101760145481603
1.0561895225385387,-0.36512418631493126
1.0572989653143143,-0.28763298073680377
1.0584084080900902,-0.22143947032107414
1.059517850865866,-0.3109030598127619
1.0606272936416417,-0.4003666493044318
1.0617367364174175,-0.4429946329046322
1.0628461791931934,-0.44940305366630784
1.063955621968969,-0.45259815024205674
1.0650650647447448,-0.4055847113235746
1.0661745075205207,-0.35857127240509246
1.0672839502962963,-0.3421945330620301
1.0683933930720722,-0.3502444098391009
1.069502835847848,-0.3587511835470437
1.0706122786236236,-0.3754820837530871
1.0717217213993995,-0.39221298395913384
1.0728311641751753,-0.40069032182337233
1.073940606950951,-0.40238390734203056
1.0750500497267268,-0.404318628977343
1.0761594925025026,-0.4113574329436537
1.0772689352782783,-0.418396236909963
1.0783783780540541,-0.37725693959965634
1.07948782082983,-0.295300003303978
1.0805972636056056,-0.21857365885596877
1.0817067063813814,-0.27575303245260546
1.0828161491571573,-0.3329324060492421
1.083925591932933,-0.34748091169834844
1.0850350347087088,-0.3248024632521762
1.0861444774844846,-0.302909422978716
1.0872539202602602,-0.30634596497002586
1.088363363036036,-0.3097825069613364
1.089472805811812,-0.30217777651105765
1.0905822485875876,-0.28463588510587334
1.0916916913633634,-0.26778623696219456
1.0928011341391393,-0.2809346082584029
1.093910576914915,-0.2940829795546086
1.0950200196906907,-0.28493883297228817
1.0961294624664666,-0.25511757696455317
1.0972389052422422,-0.2260965585280362
1.098348348018018,-0.24949144476652782
1.099457790793794,-0.27288633100501947
1.1005672335695695,-0.2823566592156014
1.1016766763453454,-0.27851673225067686
1.1027861191211212,-0.27422999386562114
1.1038955618968969,-0.21096020189819364
1.1050050046726727,-0.14769040993075352
1.1061144474484486,-0.1444162272754492
1.1072238902242244,-0.20024236263773015
1.108333333,-0.256068498
